DESCRIPTION,PRICE,AREA,DATE_OF_ADVERT
Mini Flats for Renting at Awoyaya Ajah,₦300000,Ajah, 55 minutes ago
New 2 Bedroom Flats For Renting At Awoyaya Ajah,₦700000,Ajah, 55 minutes ago
Furnished 2bdrm Bungalow in Military Estate for Rent,₦600000,Eleko, 53 minutes ago
Furnished 2bdrm Apartment in New Road Awoyaya for Rent,₦700000,Awoyaya, 53 minutes ago
1bdrm Block of Flats in Military Estate for Rent,₦150000,Eleko, 57 minutes ago
This House Is For Renting At Adeba Awoyaya Ajah,₦600000,Ajah, 53 minutes ago
Furnished 2bdrm Bungalow in Inside Abraham for Rent,₦900000,Abraham Adesanya Estate, 55 minutes ago
Furnished 2bdrm Bungalow in Military Estate for Rent,₦600000,Eleko, 53 minutes ago
"Furnished 2bdrm Block of Flats in Sanpeti Opp, Lakowe for Rent",₦500000,Lakowe, 55 minutes ago
"Furnished 1bdrm Block of Flats in Adaba Roads, Lakowe for Rent",₦300000,Lakowe, 53 minutes ago
"Furnished 2bdrm Block of Flats in Maleti Opp Beechwood, Bogije",₦400000,Bogije, 55 minutes ago
Furnished 1bdrm Block of Flats in New Roads Awoyaya for Rent,₦300000,Awoyaya, 57 minutes ago
This House Is For Renting At Awoyaya,₦380000,Ajah, 56 minutes ago
"Furnished 2bdrm Bungalow in Maleti Roads 2, Ibeju for Rent",₦500000,Ibeju, 56 minutes ago
"2 Bedrooms Block of Flats for Rent in Awoyaya by New Roads, Awoyaya",₦600000,Awoyaya, 57 minutes ago
Mini Flat for Rent at Awoyaya,₦350000,Awoyaya, 55 minutes ago
This House Is For Renting At Abraham Adesaye Estate,₦900000,Ajah, 54 minutes ago
This House Is For Renting At At Awoyaya By U.B.A,₦370000,Ajah, 56 minutes ago
Furnished 2bdrm Block of Flats in Ogufayo Road Awoyaya for Rent,₦450000,Awoyaya, 57 minutes ago
"2 Bedrooms Bungalow for Rent in Babadisa Roads, Lakowe",₦450000, Lakowe, 54 minutes ago
2 Bathroom Flats Renting Eleko Opp Plan Africa University,₦450000,Ibeju, 57 minutes ago
Furnished 2bdrm Bungalow in Military Estate for Rent,₦450000,Eleko, 53 minutes ago
"Furnished 2bdrm Block of Flats in Adeba Roads, Ajah for Rent",₦650000,Ajah, 56 minutes ago
Furnished 3bdrm Block of Flats in New Roads Awoyaya 3 for Rent,₦650000,Awoyaya, 56 minutes ago
"Furnished 3bdrm Block of Flats in Fara Park Estate Opp, Sangotedo",₦1000000,Sangotedo, 57 minutes ago
Clean 2 Bedroom Flat for Rent At Saphati,₦600000,Lakowe, 57 minutes ago
1bdrm Bedsitter in Ibeju Lekki for Rent,₦150000,Ibeju-Agbe, 55 minutes ago
"Furnished 1bdrm Block of Flats in Babadisa Roads, Aiyeteju for Rent",₦250000,Aiyeteju, 54 minutes ago
This House For Renting At Sangotedo Ajah,₦800000,Ajah, 55 minutes ago
Furnished 1bdrm Bungalow in Military Estate for Rent,₦300000,Eleko, 53 minutes ago
Furnished Mini Flat in Mayfair Gradens for Rent,₦350000,Awoyaya, 55 minutes ago
Nicely Finished New 2 Bedroom Flats For Rent At Ibeju Lekki,₦350000,Ibeju, 57 minutes ago
